Swamp, Swamp, Swamp, Swamp, Swamp, Forest, Swamp, Swamp, Swamp, Forest, Plains, Forest, Forest, Swamp, Swamp, Swamp, Swamp, Swamp, Forest, Forest, Swamp, Rainforest, Forest, Plains, Plains, Plains, Ocean, Ocean, Ocean, Ocean, Ocean, Ocean, Ocean, Ocean, Forest, Rainforest, Rainforest, Rainforest, Rainforest, Rainforest
Swamp, Swamp, Swamp, Swamp, Swamp, Swamp, Swamp, Swamp, Swamp, Swamp, Forest, Plains, Plains, Plains, Plains, Swamp, Swamp, Swamp, Swamp, Rainforest, Swamp, Rainforest, Monsoon Forest, Forest, Plains, Plains, Ocean, Ocean, Ocean, Ocean, Ocean, Ocean, Ocean, Ocean, Ocean, Forest, Swamp, Swamp, Rainforest, Rainforest
Swamp, Swamp, Forest, Forest, Swamp, Swamp, Swamp, Swamp, Swamp, Swamp, Forest, Swamp, Forest, Plains, Plains, Forest, Swamp, Swamp, Swamp, Swamp, Rainforest, Swamp, Swamp, Swamp, Forest, Plains, Ocean, Ocean, Ocean, Ocean, Ocean, Ocean, Ocean, Ocean, Ocean, Ocean, Swamp, Swamp, Rainforest, Rainforest
Forest, Swamp, Swamp, Swamp, Plains, Forest, Forest, Swamp, Swamp, Swamp, Swamp, Forest, Forest, Plains, Plains, Desert, Forest, Plains, Forest, Swamp, Swamp, Swamp, Rainforest, Rainforest, Rainforest, Forest, Plains, Ocean, Ocean, Ocean, Ocean, Ocean, Ocean, Ocean, Ocean, Ocean, Ocean, Ocean, Rainforest, Swamp
Swamp, Swamp, Swamp, Swamp, Forest, Forest, Plains, Forest, Swamp, Swamp, Swamp, Forest, Swamp, Plains, Plains, Plains, Plains, Forest, Forest, Plains, Swamp, Swamp, Swamp, Rainforest, Rainforest, Monsoon Forest, Ocean, Ocean, Ocean, Ocean, Ocean, Ocean, Ocean, Ocean, Ocean, Ocean, Ocean, Ocean, Ocean, Ocean
Ocean, Ocean, Swamp, Swamp, Forest, Forest, Swamp, Plains, Plains, Plains, Plains, Forest, Forest, Swamp, Plains, Plains, Desert, Forest, Forest, Forest, Swamp, Plains, Forest, Swamp, Swamp, Rainforest, Rainforest, Ocean, Ocean, Ocean, Ocean, Ocean, Ocean, Ocean, Ocean, Ocean, Ocean, Ocean, Ocean, Ocean
Ocean, Ocean, Ocean, Swamp, Swamp, Forest, Forest, Forest, Forest, Plains, Plains, Forest, Forest, Swamp, Forest, Plains, Plains, Plains, Swamp, Swamp, Forest, Forest, Plains, Swamp, Swamp, Swamp, Rainforest, Ocean, Ocean, Ocean, Ocean, Ocean, Ocean, Ocean, Ocean, Ocean, Ocean, Ocean, Ocean, Ocean
Ocean, Ocean, Ocean, Ocean, Swamp, Swamp, Plains, Forest, Forest, Forest, Plains, Plains, Forest, Plains, Forest, Forest, Forest, Plains, Plains, Swamp, Forest, Forest, Forest, Forest, Forest, Swamp, Forest, Ocean, Ocean, Ocean, Ocean, Desert, Ocean, Ocean, Ocean, Ocean, Ocean, Ocean, Ocean, Ocean
Ocean, Ocean, Ocean, Ocean, Ocean, Ocean, Ocean, Ocean, Ocean, Ocean, Ocean, Forest, Plains, Plains, Ocean, Plains, Forest, Plains, Plains, Plains, Forest, Forest, Forest, Plains, Plains, Forest, Swamp, Swamp, Swamp, Ocean, Plains, Ocean, Ocean, Ocean, Ocean, Ocean, Ocean, Ocean, Ocean, Ocean
Ocean, Ocean, Ocean, Ocean, Ocean, Ocean, Ocean, Ocean, Ocean, Plains, Forest, Plains, Forest, Swamp, Ocean, Swamp, Plains, Plains, Plains, Desert, Plains, Plains, Forest, Plains, Forest, Forest, Swamp, Swamp, Swamp, Ocean, Savannah, Forest, Plains, Ocean, Ocean, Ocean, Ocean, Ocean, Ocean, Ocean
Ocean, Ocean, Ocean, Ocean, Ocean, Ocean, Ocean, Ocean, Ocean, Ocean, Ocean, Ocean, Ocean, Ocean, Ocean, Ocean, Ocean, Ocean, Ocean, Plains, Desert, Plains, Plains, Plains, Plains, Plains, Forest, Swamp, Swamp, Forest, Forest, Monsoon Forest, Plains, Savannah, Ocean, Ocean, Ocean, Ocean, Ocean, Ocean
Ocean, Ocean, Ocean, Ocean, Ocean, Ocean, Ocean, Ocean, Ocean, Ocean, Ocean, Ocean, Ocean, Ocean, Ocean, Ocean, Ocean, Ocean, Ocean, Ocean, Ocean, Ocean, Ocean, Ocean, Ocean, Plains, Ocean, Forest, Ocean, Swamp, Forest, Monsoon Forest, Ocean, Plains, Forest, Savannah, Plains, Swamp, Ocean, Ocean
Ocean, Ocean, Ocean, Ocean, Ocean, Ocean, Ocean, Ocean, Ocean, Ocean, Ocean, Ocean, Ocean, Ocean, Ocean, Ocean, Ocean, Ocean, Ocean, Ocean, Ocean, Ocean, Ocean, Ocean, Ocean, Ocean, Ocean, Ocean, Ocean, Swamp, Ocean, Forest, Forest, Monsoon Forest, Plains, Monsoon Forest, Forest, Forest, Ocean, Ocean
Ocean, Ocean, Ocean, Ocean, Ocean, Ocean, Ocean, Ocean, Ocean, Ocean, Ocean, Ocean, Ocean, Ocean, Ocean, Ocean, Ocean, Ocean, Ocean, Ocean, Ocean, Ocean, Ocean, Ocean, Ocean, Ocean, Ocean, Ocean, Ocean, Ocean, Ocean, Ocean, Ocean, Monsoon Forest, Plains, Plains, Monsoon Forest, Plains, Forest, Swamp
Plains, Ocean, Ocean, Ocean, Ocean, Ocean, Ocean, Ocean, Ocean, Ocean, Ocean, Ocean, Ocean, Ocean, Ocean, Ocean, Ocean, Ocean, Ocean, Ocean, Ocean, Ocean, Ocean, Ocean, Ocean, Ocean, Ocean, Ocean, Ocean, Ocean, Ocean, Ocean, Ocean, Ocean, Ocean, Ocean, Plains, Plains, Forest, Monsoon Forest
Forest, Ocean, Ocean, Ocean, Ocean, Ocean, Ocean, Ocean, Ocean, Ocean, Ocean, Ocean, Ocean, Ocean, Ocean, Ocean, Ocean, Ocean, Ocean, Ocean, Ocean, Ocean, Ocean, Ocean, Ocean, Ocean, Ocean, Ocean, Ocean, Ocean, Ocean, Ocean, Ocean, Ocean, Ocean, Ocean, Rainforest, Forest, Forest, Plains
Forest, Plains, Plains, Ocean, Ocean, Ocean, Ocean, Ocean, Ocean, Ocean, Ocean, Ocean, Ocean, Ocean, Ocean, Ocean, Ocean, Ocean, Ocean, Ocean, Ocean, Ocean, Ocean, Ocean, Ocean, Ocean, Ocean, Ocean, Ocean, Ocean, Ocean, Ocean, Ocean, Ocean, Ocean, Ocean, Ocean, Forest, Ocean, Ocean
Swamp, Swamp, Forest, Ocean, Ocean, Ocean, Ocean, Ocean, Ocean, Ocean, Ocean, Ocean, Ocean, Ocean, Ocean, Ocean, Ocean, Ocean, Ocean, Ocean, Ocean, Ocean, Ocean, Ocean, Ocean, Ocean, Ocean, Ocean, Ocean, Ocean, Ocean, Ocean, Ocean, Ocean, Ocean, Ocean, Ocean, Ocean, Ocean, Ocean
Swamp, Forest, Forest, Plains, Ocean, Ocean, Ocean, Ocean, Ocean, Ocean, Ocean, Ocean, Ocean, Ocean, Ocean, Ocean, Ocean, Ocean, Ocean, Ocean, Ocean, Ocean, Ocean, Ocean, Ocean, Ocean, Ocean, Ocean, Ocean, Ocean, Ocean, Ocean, Ocean, Ocean, Ocean, Ocean, Ocean, Ocean, Ocean, Ocean
Swamp, Forest, Swamp, Forest, Plains, Ocean, Ocean, Ocean, Ocean, Ocean, Ocean, Ocean, Ocean, Ocean, Ocean, Ocean, Ocean, Ocean, Ocean, Ocean, Ocean, Ocean, Ocean, Ocean, Ocean, Ocean, Ocean, Ocean, Ocean, Ocean, Ocean, Ocean, Ocean, Ocean, Ocean, Ocean, Ocean, Ocean, Ocean, Ocean
Swamp, Forest, Swamp, Swamp, Forest, Forest, Ocean, Ocean, Ocean, Ocean, Ocean, Ocean, Ocean, Ocean, Ocean, Ocean, Ocean, Ocean, Ocean, Ocean, Ocean, Ocean, Ocean, Ocean, Ocean, Ocean, Ocean, Ocean, Ocean, Ocean, Ocean, Ocean, Ocean, Ocean, Ocean, Ocean, Ocean, Ocean, Ocean, Ocean
Swamp, Forest, Forest, Forest, Plains, Forest, Forest, Forest, Ocean, Ocean, Ocean, Ocean, Ocean, Ocean, Ocean, Ocean, Ocean, Ocean, Ocean, Ocean, Ocean, Ocean, Ocean, Ocean, Ocean, Ocean, Ocean, Ocean, Ocean, Ocean, Ocean, Ocean, Ocean, Ocean, Ocean, Ocean, Ocean, Ocean, Ocean, Ocean
Swamp, Swamp, Swamp, Forest, Plains, Plains, Plains, Plains, Forest, Forest, Swamp, Ocean, Ocean, Ocean, Ocean, Ocean, Ocean, Ocean, Ocean, Ocean, Ocean, Ocean, Ocean, Ocean, Ocean, Ocean, Ocean, Ocean, Ocean, Ocean, Ocean, Ocean, Ocean, Ocean, Ocean, Ocean, Ocean, Ocean, Ocean, Ocean
Swamp, Swamp, Forest, Swamp, Forest, Plains, Plains, Plains, Plains, Forest, Swamp, Forest, Ocean, Ocean, Ocean, Ocean, Ocean, Ocean, Ocean, Ocean, Ocean, Ocean, Ocean, Ocean, Ocean, Ocean, Ocean, Ocean, Ocean, Ocean, Ocean, Ocean, Ocean, Ocean, Ocean, Ocean, Ocean, Ocean, Ocean, Ocean
Swamp, Swamp, Swamp, Swamp, Forest, Plains, Plains, Plains, Plains, Plains, Plains, Swamp, Swamp, Forest, Ocean, Ocean, Ocean, Ocean, Ocean, Ocean, Ocean, Ocean, Ocean, Ocean, Ocean, Ocean, Ocean, Ocean, Ocean, Ocean, Ocean, Ocean, Ocean, Ocean, Ocean, Ocean, Ocean, Ocean, Ocean, Ocean
Swamp, Swamp, Swamp, Swamp, Forest, Forest, Forest, Plains, Plains, Forest, Swamp, Forest, Swamp, Swamp, Forest, Plains, Swamp, Ocean, Ocean, Ocean, Ocean, Ocean, Ocean, Ocean, Ocean, Ocean, Ocean, Ocean, Ocean, Ocean, Ocean, Ocean, Ocean, Ocean, Ocean, Ocean, Ocean, Ocean, Ocean, Ocean
Swamp, Swamp, Swamp, Swamp, Forest, Forest, Plains, Forest, Plains, Plains, Forest, Forest, Forest, Forest, Swamp, Plains, Plains, Swamp, Swamp, Forest, Forest, Ocean, Ocean, Ocean, Ocean, Ocean, Ocean, Ocean, Ocean, Ocean, Ocean, Ocean, Ocean, Ocean, Ocean, Ocean, Ocean, Ocean, Ocean, Ocean
Swamp, Swamp, Forest, Forest, Forest, Forest, Forest, Plains, Forest, Plains, Forest, Forest, Forest, Forest, Forest, Forest, Swamp, Forest, Swamp, Forest, Swamp, Ocean, Ocean, Ocean, Ocean, Ocean, Ocean, Ocean, Ocean, Ocean, Ocean, Ocean, Ocean, Ocean, Ocean, Ocean, Ocean, Ocean, Ocean, Ocean
Swamp, Swamp, Swamp, Swamp, Swamp, Swamp, Forest, Plains, Forest, Desert, Plains, Forest, Forest, Plains, Forest, Forest, Forest, Forest, Swamp, Forest, Swamp, Forest, Plains, Forest, Forest, Ocean, Ocean, Ocean, Ocean, Ocean, Ocean, Ocean, Ocean, Ocean, Ocean, Ocean, Ocean, Ocean, Ocean, Ocean
Swamp, Swamp, Swamp, Swamp, Forest, Swamp, Forest, Swamp, Plains, Plains, Desert, Forest, Forest, Plains, Plains, Forest, Forest, Plains, Swamp, Forest, Forest, Plains, Plains, Plains, Plains, Forest, Forest, Ocean, Ocean, Ocean, Ocean, Ocean, Ocean, Ocean, Ocean, Ocean, Ocean, Ocean, Ocean, Ocean
